<?xml version="1.0"?>
<addon scheme="3.0">
    <id>paynet</id>
    
    <version>1.0</version>
    <name>Paynet</name>
    <description>Paynet payment gateway</description>
    <translations>
        <item for="description" lang="ru">Модуль оплаты Paynet</item>
        <item for="description" lang="ro">Plata prin Paynet</item>
    </translations>
    <priority>999999</priority>
    
    <status>active</status>

    <functions>
        <item for="install">fn_paynet_install</item>
        <item for="uninstall">fn_paynet_uninstall</item>
    </functions>
</addon>
